LUHa.v1;LUHa.v1;http://luh.sr.unh.edu/data.shtml;Other;Baseline product that covers the historical period from 1500 to 2005
LUHa_t1.v1;LUHa_t1.v1;http://luh.sr.unh.edu/data.shtml;Other;The same as LUHa.v1 but for the historical period from 1700-2005
LUHa_u2.v1;LUHa_u2.v1;http://luh.sr.unh.edu/data.shtml;Other;The same as LUHa.v1 but also including land-use changes and transitions from/to urban land
LUHa_t1u2.v1;LUHa_t1u2.v1;http://luh.sr.unh.edu/data.shtml;Other;The same as LUHa.v1 but for the historical period from 1700-2005 and also including land-use changes and transitions from/to urban land
LUHa.v1_image.v1.1_rc1;LUHa.v1_image.v1.1_rc1;http://luh.sr.unh.edu/data.shtml;Other;Baseline product (from Image group) that covers the period from 2005 to 2100 (built off the historical product LUHa.v1 for 1500-2005)
LUHa_t1.v1_image.v1.1_rc1;LUHa_t1.v1_image.v1.1_rc1;http://luh.sr.unh.edu/data.shtml;Other;The same as LUHa.v1_image.v1.1_rc1 but built off our historical product LUHa_t1.v1 for the historical period from 1700-2005
LUHa_u2.v1_image.v1.1_rc1;LUHa_u2.v1_image.v1.1_rc1;http://luh.sr.unh.edu/data.shtml;Other;The same as LUHa.v1_image.v1.1_rc1 but also including land-use changes and transitions from/to urban land
LUHa_t1u2.v1_image.v1.1_rc1;LUHa_t1u2.v1_image.v1.1_rc1;http://luh.sr.unh.edu/data.shtml;Other;The same as LUHa_t1.v1_image.v1.1_rc1 but also including land-use changes and transitions from/to urban land
biofuels_image.rc1;biofuels_image.rc1;http://luh.sr.unh.edu/data.shtml;Other;Fractional gridded information on biofuels - The IMAGE team primarily treats biofuels as crops. They provided us with fractions of each gridcell occupied by each of 19 different croptypes
LUHa.v1_minicam.v1;LUHa.v1_minicam.v1;http://luh.sr.unh.edu/data.shtml;Other;Baseline product (from MiniCAM group) that covers the period from 2005 to 2100 (built off the historical product LUHa.v1 for 1500-2005)
LUHa_t1.v1_minicam.v1;LUHa_t1.v1_minicam.v1;http://luh.sr.unh.edu/data.shtml;Other;The same as LUHa.v1_minicam.v1 but built off our historical product LUHa_t1.v1 for the historical period from 1700-2005
LUHa_u2.v1_minicam.v1;LUHa_u2.v1_minicam.v1;http://luh.sr.unh.edu/data.shtml;Other;The same as LUHa.v1_minicam.v1 but also including land-use changes and transitions from/to urban land
LUHa_t1u2.v1_minicam.v1;LUHa_t1u2.v1_minicam.v1;http://luh.sr.unh.edu/data.shtml;Other;The same as LUHa_t1.v1_minicam.v1 but also including land-use changes and transitions from/to urban land
biofuels_minicam.rc1;biofuels_minicam.rc1;http://luh.sr.unh.edu/data.shtml;Other;Fractional gridded information on biofuels - The MiniCAM team treats biofuels as herbaceous crops
LUHa.v1_message.v1;LUHa.v1_message.v1;http://luh.sr.unh.edu/data.shtml;Other;Baseline product (from Message group) that covers the period from 2005 to 2100 (built off the historical product LUHa.v1 for 1500-2005)
LUHa_t1.v1_message.v1;LUHa_t1.v1_message.v1;http://luh.sr.unh.edu/data.shtml;Other;the same as LUHa.v1_message.v1 but built off our historical product LUHa_t1.v1 for the historical period from 1700-2005
LUHa_u2.v1_message.v1;LUHa_u2.v1_message.v1;http://luh.sr.unh.edu/data.shtml;Other;the same as LUHa.v1_message.v1 but also including land-use changes and transitions from/to urban land
LUHa_t1u2.v1_message.v1;LUHa_t1u2.v1_message.v1;http://luh.sr.unh.edu/data.shtml;Other;the same as LUHa_t1.v1_message.v1 but also including land-use changes and transitions from/to urban land
biofuels_message.rc1;biofuels_message.rc1;http://luh.sr.unh.edu/data.shtml;Other;Fractional gridded information on biofuels - The message team treats biofuels as part of wood harvest
LUHa.v1_aim.v1;LUHa.v1_aim.v1;http://luh.sr.unh.edu/data.shtml;Other;Baseline product (from Aim group) that covers the period from 2005 to 2100 (built off the historical product LUHa.v1 for 1500-2005)
LUHa_t1.v1_aim.v1;LUHa_t1.v1_aim.v1;http://luh.sr.unh.edu/data.shtml;Other;the same as LUHa.v1_aim.v1 but built off our historical product LUHa_t1.v1 for the historical period from 1700-2005
LUHa_u2.v1_aim.v1;LUHa_u2.v1_aim.v1;http://luh.sr.unh.edu/data.shtml;Other;the same as LUHa.v1_aim.v1 but also including land-use changes and transitions from/to urban land
LUHa_t1u2.v1_aim.v1;LUHa_t1u2.v1_aim.v1;http://luh.sr.unh.edu/data.shtml;Other;the same as LUHa_t1.v1_aim.v1 but also including land-use changes and transitions from/to urban land
PICNTRL_MIDYR;PICNTRL_MIDYR;http://www.iiasa.ac.at/web-apps/tnt/RcpDb/dsd?Action=htmlpage&page=download;Text;CMIP5 recommendations for annual average, global mean concentrations for preindustrial control run
PRE2005_MIDYR;PRE2005_MIDYR;http://www.iiasa.ac.at/web-apps/tnt/RcpDb/dsd?Action=htmlpage&page=download;Text;CMIP5 recommendations for annual average, global mean concentrations for pre-2005
RCP3PD_MIDYR;RCP3PD_MIDYR;http://www.iiasa.ac.at/web-apps/tnt/RcpDb/dsd?Action=htmlpage&page=download;Text;CMIP5 recommendations for annual average, global mean concentrations for RCP3-Peak&Decline
RCP45_MIDYR;RCP45_MIDYR;http://www.iiasa.ac.at/web-apps/tnt/RcpDb/dsd?Action=htmlpage&page=download;Text;CMIP5 recommendations for annual average, global mean concentrations for RCP 4.5
RCP85_MIDYR;RCP85_MIDYR;http://www.iiasa.ac.at/web-apps/tnt/RcpDb/dsd?Action=htmlpage&page=download;Text;CMIP5 recommendations for annual average, global mean concentrations for RCP 4.5
CH4_ant_1850_v0_14_10_2009;IPCC_emissions_CH4_anthropogenic_1850_0.5x0.5_v0_14_10_2009.nc;http://www.iiasa.ac.at/web-apps/tnt/RcpDb/dsd?Action=htmlpage&page=download;NetCDF;Historical emissions data (1850) for anthropogenic CH4
CH4_ant_1860_v0_14_10_2009;IPCC_emissions_CH4_anthropogenic_1860_0.5x0.5_v0_14_10_2009.nc;http://www.iiasa.ac.at/web-apps/tnt/RcpDb/dsd?Action=htmlpage&page=download;NetCDF;Historical emissions data (1860) for anthropogenic CH4
CH4_ant_1870_v0_14_10_2009;IPCC_emissions_CH4_anthropogenic_1870_0.5x0.5_v0_14_10_2009.nc;http://www.iiasa.ac.at/web-apps/tnt/RcpDb/dsd?Action=htmlpage&page=download;NetCDF;Historical emissions data (1870) for anthropogenic CH4
CH4_ant_1880_v0_14_10_2009;IPCC_emissions_CH4_anthropogenic_1880_0.5x0.5_v0_14_10_2009.nc;http://www.iiasa.ac.at/web-apps/tnt/RcpDb/dsd?Action=htmlpage&page=download;NetCDF;Historical emissions data (1880) for anthropogenic CH4
CH4_ant_1890_v0_14_10_2009;IPCC_emissions_CH4_anthropogenic_1890_0.5x0.5_v0_14_10_2009.nc;http://www.iiasa.ac.at/web-apps/tnt/RcpDb/dsd?Action=htmlpage&page=download;NetCDF;Historical emissions data (1890) for anthropogenic CH4
CH4_ant_1900_v0_14_10_2009;IPCC_emissions_CH4_anthropogenic_1900_0.5x0.5_v0_14_10_2009.nc;http://www.iiasa.ac.at/web-apps/tnt/RcpDb/dsd?Action=htmlpage&page=download;NetCDF;Historical emissions data (1900) for anthropogenic CH4
CH4_ant_1910_v0_14_10_2009;IPCC_emissions_CH4_anthropogenic_1910_0.5x0.5_v0_14_10_2009.nc;http://www.iiasa.ac.at/web-apps/tnt/RcpDb/dsd?Action=htmlpage&page=download;NetCDF;Historical emissions data (1910) for anthropogenic CH4
CH4_ant_1920_v0_14_10_2009;IPCC_emissions_CH4_anthropogenic_1920_0.5x0.5_v0_14_10_2009.nc;http://www.iiasa.ac.at/web-apps/tnt/RcpDb/dsd?Action=htmlpage&page=download;NetCDF;Historical emissions data (1920) for anthropogenic CH4
CH4_ant_1930_v0_14_10_2009;IPCC_emissions_CH4_anthropogenic_1930_0.5x0.5_v0_14_10_2009.nc;http://www.iiasa.ac.at/web-apps/tnt/RcpDb/dsd?Action=htmlpage&page=download;NetCDF;Historical emissions data (1930) for anthropogenic CH4
CH4_ant_1940_v0_14_10_2009;IPCC_emissions_CH4_anthropogenic_1940_0.5x0.5_v0_14_10_2009.nc;http://www.iiasa.ac.at/web-apps/tnt/RcpDb/dsd?Action=htmlpage&page=download;NetCDF;Historical emissions data (1940) for anthropogenic CH4
CH4_ant_1950_v0_14_10_2009;IPCC_emissions_CH4_anthropogenic_1950_0.5x0.5_v0_14_10_2009.nc;http://www.iiasa.ac.at/web-apps/tnt/RcpDb/dsd?Action=htmlpage&page=download;NetCDF;Historical emissions data (1950) for anthropogenic CH4
CH4_ant_1960_v0_14_10_2009;IPCC_emissions_CH4_anthropogenic_1960_0.5x0.5_v0_14_10_2009.nc;http://www.iiasa.ac.at/web-apps/tnt/RcpDb/dsd?Action=htmlpage&page=download;NetCDF;Historical emissions data (1960) for anthropogenic CH4
CH4_ant_1970_v0_14_10_2009;IPCC_emissions_CH4_anthropogenic_1970_0.5x0.5_v0_14_10_2009.nc;http://www.iiasa.ac.at/web-apps/tnt/RcpDb/dsd?Action=htmlpage&page=download;NetCDF;Historical emissions data (1970) for anthropogenic CH4
CH4_ant_1980_v0_14_10_2009;IPCC_emissions_CH4_anthropogenic_1980_0.5x0.5_v0_14_10_2009.nc;http://www.iiasa.ac.at/web-apps/tnt/RcpDb/dsd?Action=htmlpage&page=download;NetCDF;Historical emissions data (1980) for anthropogenic CH4
CH4_ant_1990_v0_14_10_2009;IPCC_emissions_CH4_anthropogenic_1990_0.5x0.5_v0_14_10_2009.nc;http://www.iiasa.ac.at/web-apps/tnt/RcpDb/dsd?Action=htmlpage&page=download;NetCDF;Historical emissions data (1990) for anthropogenic CH4
CH4_ant_2000_v0_14_10_2009;IPCC_emissions_CH4_anthropogenic_2000_0.5x0.5_v0_14_10_2009.nc;http://www.iiasa.ac.at/web-apps/tnt/RcpDb/dsd?Action=htmlpage&page=download;NetCDF;Historical emissions data (2000) for anthropogenic CH4
SO2_ant_1850_v1_20_04_2009;IPCC_emissions_SO2_anthropogenic_1850_0.5x0.5_v1_20_04_2009.nc;http://www.iiasa.ac.at/web-apps/tnt/RcpDb/dsd?Action=htmlpage&page=download;NetCDF;Historical emissions data (1850) for anthropogenic SO2
SO2_ant_1860_v1_13_05_2009;IPCC_emissions_SO2_anthropogenic_1860_0.5x0.5_v1_13_05_2009.nc;http://www.iiasa.ac.at/web-apps/tnt/RcpDb/dsd?Action=htmlpage&page=download;NetCDF;Historical emissions data (1860) for anthropogenic SO2
SO2_ant_1870_v1_13_05_2009;IPCC_emissions_SO2_anthropogenic_1870_0.5x0.5_v1_13_05_2009.nc;http://www.iiasa.ac.at/web-apps/tnt/RcpDb/dsd?Action=htmlpage&page=download;NetCDF;Historical emissions data (1870) for anthropogenic SO2
SO2_ant_1880_v1_13_05_2009;IPCC_emissions_SO2_anthropogenic_1880_0.5x0.5_v1_13_05_2009.nc;http://www.iiasa.ac.at/web-apps/tnt/RcpDb/dsd?Action=htmlpage&page=download;NetCDF;Historical emissions data (1880) for anthropogenic SO2
SO2_ant_1890_v1_13_05_2009;IPCC_emissions_SO2_anthropogenic_1890_0.5x0.5_v1_13_05_2009.nc;http://www.iiasa.ac.at/web-apps/tnt/RcpDb/dsd?Action=htmlpage&page=download;NetCDF;Historical emissions data (1890) for anthropogenic SO2
SO2_ant_1900_v1_13_05_2009;IPCC_emissions_SO2_anthropogenic_1900_0.5x0.5_v1_13_05_2009.nc;http://www.iiasa.ac.at/web-apps/tnt/RcpDb/dsd?Action=htmlpage&page=download;NetCDF;Historical emissions data (1900) for anthropogenic SO2
SO2_ant_1910_v1_13_05_2009;IPCC_emissions_SO2_anthropogenic_1910_0.5x0.5_v1_13_05_2009.nc;http://www.iiasa.ac.at/web-apps/tnt/RcpDb/dsd?Action=htmlpage&page=download;NetCDF;Historical emissions data (1910) for anthropogenic SO2
SO2_ant_1920_v1_13_05_2009;IPCC_emissions_SO2_anthropogenic_1920_0.5x0.5_v1_13_05_2009.nc;http://www.iiasa.ac.at/web-apps/tnt/RcpDb/dsd?Action=htmlpage&page=download;NetCDF;Historical emissions data (1920) for anthropogenic SO2
SO2_ant_1930_v1_13_05_2009;IPCC_emissions_SO2_anthropogenic_1930_0.5x0.5_v1_13_05_2009.nc;http://www.iiasa.ac.at/web-apps/tnt/RcpDb/dsd?Action=htmlpage&page=download;NetCDF;Historical emissions data (1930) for anthropogenic SO2
SO2_ant_1940_v1_13_05_2009;IPCC_emissions_SO2_anthropogenic_1940_0.5x0.5_v1_13_05_2009.nc;http://www.iiasa.ac.at/web-apps/tnt/RcpDb/dsd?Action=htmlpage&page=download;NetCDF;Historical emissions data (1940) for anthropogenic SO2
SO2_ant_1950_v1_13_05_2009;IPCC_emissions_SO2_anthropogenic_1950_0.5x0.5_v1_13_05_2009.nc;http://www.iiasa.ac.at/web-apps/tnt/RcpDb/dsd?Action=htmlpage&page=download;NetCDF;Historical emissions data (1950) for anthropogenic SO2
SO2_ant_1960_v1_13_05_2009;IPCC_emissions_SO2_anthropogenic_1960_0.5x0.5_v1_13_05_2009.nc;http://www.iiasa.ac.at/web-apps/tnt/RcpDb/dsd?Action=htmlpage&page=download;NetCDF;Historical emissions data (1960) for anthropogenic SO2
SO2_ant_1970_v1_13_05_2009;IPCC_emissions_SO2_anthropogenic_1970_0.5x0.5_v1_13_05_2009.nc;http://www.iiasa.ac.at/web-apps/tnt/RcpDb/dsd?Action=htmlpage&page=download;NetCDF;Historical emissions data (1970) for anthropogenic SO2
SO2_ant_1980_v1_13_05_2009;IPCC_emissions_SO2_anthropogenic_1980_0.5x0.5_v1_13_05_2009.nc;http://www.iiasa.ac.at/web-apps/tnt/RcpDb/dsd?Action=htmlpage&page=download;NetCDF;Historical emissions data (1980) for anthropogenic SO2
SO2_ant_1990_v1_13_05_2009;IPCC_emissions_SO2_anthropogenic_1990_0.5x0.5_v1_13_05_2009.nc;http://www.iiasa.ac.at/web-apps/tnt/RcpDb/dsd?Action=htmlpage&page=download;NetCDF;Historical emissions data (1990) for anthropogenic SO2
SO2_ant_2000_v1_20_04_2009;IPCC_emissions_SO2_anthropogenic_2000_0.5x0.5_v1_20_04_2009.nc;http://www.iiasa.ac.at/web-apps/tnt/RcpDb/dsd?Action=htmlpage&page=download;NetCDF;Historical emissions data (2000) for anthropogenic SO2
NO_ant_1850_v1_07_05_2009;IPCC_emissions_NO_anthropogenic_1850_0.5x0.5_v1_07_05_2009.nc;http://www.iiasa.ac.at/web-apps/tnt/RcpDb/dsd?Action=htmlpage&page=download;NetCDF;Historical emissions data (1850) for anthropogenic NO
NO_ant_1860_v1_07_05_2009;IPCC_emissions_NO_anthropogenic_1860_0.5x0.5_v1_07_05_2009.nc;http://www.iiasa.ac.at/web-apps/tnt/RcpDb/dsd?Action=htmlpage&page=download;NetCDF;Historical emissions data (1860) for anthropogenic NO
NO_ant_1870_v1_07_05_2009;IPCC_emissions_NO_anthropogenic_1870_0.5x0.5_v1_07_05_2009.nc;http://www.iiasa.ac.at/web-apps/tnt/RcpDb/dsd?Action=htmlpage&page=download;NetCDF;Historical emissions data (1870) for anthropogenic NO
NO_ant_1880_v1_07_05_2009;IPCC_emissions_NO_anthropogenic_1880_0.5x0.5_v1_07_05_2009.nc;http://www.iiasa.ac.at/web-apps/tnt/RcpDb/dsd?Action=htmlpage&page=download;NetCDF;Historical emissions data (1880) for anthropogenic NO
NO_ant_1890_v1_07_05_2009;IPCC_emissions_NO_anthropogenic_1890_0.5x0.5_v1_07_05_2009.nc;http://www.iiasa.ac.at/web-apps/tnt/RcpDb/dsd?Action=htmlpage&page=download;NetCDF;Historical emissions data (1890) for anthropogenic NO
NO_ant_1900_v1_07_05_2009;IPCC_emissions_NO_anthropogenic_1900_0.5x0.5_v1_07_05_2009.nc;http://www.iiasa.ac.at/web-apps/tnt/RcpDb/dsd?Action=htmlpage&page=download;NetCDF;Historical emissions data (1900) for anthropogenic NO
NO_ant_1910_v1_07_05_2009;IPCC_emissions_NO_anthropogenic_1910_0.5x0.5_v1_07_05_2009.nc;http://www.iiasa.ac.at/web-apps/tnt/RcpDb/dsd?Action=htmlpage&page=download;NetCDF;Historical emissions data (1910) for anthropogenic NO
NO_ant_1920_v1_07_05_2009;IPCC_emissions_NO_anthropogenic_1920_0.5x0.5_v1_07_05_2009.nc;http://www.iiasa.ac.at/web-apps/tnt/RcpDb/dsd?Action=htmlpage&page=download;NetCDF;Historical emissions data (1920) for anthropogenic NO
NO_ant_1930_v1_07_05_2009;IPCC_emissions_NO_anthropogenic_1930_0.5x0.5_v1_07_05_2009.nc;http://www.iiasa.ac.at/web-apps/tnt/RcpDb/dsd?Action=htmlpage&page=download;NetCDF;Historical emissions data (1930) for anthropogenic NO
NO_ant_1940_v1_07_05_2009;IPCC_emissions_NO_anthropogenic_1940_0.5x0.5_v1_07_05_2009.nc;http://www.iiasa.ac.at/web-apps/tnt/RcpDb/dsd?Action=htmlpage&page=download;NetCDF;Historical emissions data (1940) for anthropogenic NO
NO_ant_1950_v1_07_05_2009;IPCC_emissions_NO_anthropogenic_1950_0.5x0.5_v1_07_05_2009.nc;http://www.iiasa.ac.at/web-apps/tnt/RcpDb/dsd?Action=htmlpage&page=download;NetCDF;Historical emissions data (1950) for anthropogenic NO
NO_ant_1960_v1_07_05_2009;IPCC_emissions_NO_anthropogenic_1960_0.5x0.5_v1_07_05_2009.nc;http://www.iiasa.ac.at/web-apps/tnt/RcpDb/dsd?Action=htmlpage&page=download;NetCDF;Historical emissions data (1960) for anthropogenic NO
NO_ant_1970_v1_07_05_2009;IPCC_emissions_NO_anthropogenic_1970_0.5x0.5_v1_07_05_2009.nc;http://www.iiasa.ac.at/web-apps/tnt/RcpDb/dsd?Action=htmlpage&page=download;NetCDF;Historical emissions data (1970) for anthropogenic NO
NO_ant_1980_v1_07_05_2009;IPCC_emissions_NO_anthropogenic_1980_0.5x0.5_v1_07_05_2009.nc;http://www.iiasa.ac.at/web-apps/tnt/RcpDb/dsd?Action=htmlpage&page=download;NetCDF;Historical emissions data (1980) for anthropogenic NO
NO_ant_1990_v1_07_05_2009;IPCC_emissions_NO_anthropogenic_1990_0.5x0.5_v1_07_05_2009.nc;http://www.iiasa.ac.at/web-apps/tnt/RcpDb/dsd?Action=htmlpage&page=download;NetCDF;Historical emissions data (1990) for anthropogenic NO
NO_ant_2000_v1_07_05_2009;IPCC_emissions_NO_anthropogenic_2000_0.5x0.5_v1_07_05_2009.nc;http://www.iiasa.ac.at/web-apps/tnt/RcpDb/dsd?Action=htmlpage&page=download;NetCDF;Historical emissions data (2000) for anthropogenic NO
CO_ant_1850_v1_20_04_2009;IPCC_emissions_CO_anthropogenic_1850_0.5x0.5_v1_20_04_2009.nc;http://www.iiasa.ac.at/web-apps/tnt/RcpDb/dsd?Action=htmlpage&page=download;NetCDF;Historical emissions data (1850) for anthropogenic CO
CO_ant_1860_v1_20_04_2009;IPCC_emissions_CO_anthropogenic_1860_0.5x0.5_v1_20_04_2009.nc;http://www.iiasa.ac.at/web-apps/tnt/RcpDb/dsd?Action=htmlpage&page=download;NetCDF;Historical emissions data (1860) for anthropogenic CO
CO_ant_1870_v1_20_04_2009;IPCC_emissions_CO_anthropogenic_1870_0.5x0.5_v1_20_04_2009.nc;http://www.iiasa.ac.at/web-apps/tnt/RcpDb/dsd?Action=htmlpage&page=download;NetCDF;Historical emissions data (1870) for anthropogenic CO
CO_ant_1880_v1_20_04_2009;IPCC_emissions_CO_anthropogenic_1880_0.5x0.5_v1_20_04_2009.nc;http://www.iiasa.ac.at/web-apps/tnt/RcpDb/dsd?Action=htmlpage&page=download;NetCDF;Historical emissions data (1880) for anthropogenic CO
CO_ant_1890_v1_20_04_2009;IPCC_emissions_CO_anthropogenic_1890_0.5x0.5_v1_20_04_2009.nc;http://www.iiasa.ac.at/web-apps/tnt/RcpDb/dsd?Action=htmlpage&page=download;NetCDF;Historical emissions data (1890) for anthropogenic CO
CO_ant_1900_v1_20_04_2009;IPCC_emissions_CO_anthropogenic_1900_0.5x0.5_v1_20_04_2009.nc;http://www.iiasa.ac.at/web-apps/tnt/RcpDb/dsd?Action=htmlpage&page=download;NetCDF;Historical emissions data (1900) for anthropogenic CO
CO_ant_1910_v1_20_04_2009;IPCC_emissions_CO_anthropogenic_1910_0.5x0.5_v1_20_04_2009.nc;http://www.iiasa.ac.at/web-apps/tnt/RcpDb/dsd?Action=htmlpage&page=download;NetCDF;Historical emissions data (1910) for anthropogenic CO
CO_ant_1920_v1_20_04_2009;IPCC_emissions_CO_anthropogenic_1920_0.5x0.5_v1_20_04_2009.nc;http://www.iiasa.ac.at/web-apps/tnt/RcpDb/dsd?Action=htmlpage&page=download;NetCDF;Historical emissions data (1920) for anthropogenic CO
CO_ant_1930_v1_20_04_2009;IPCC_emissions_CO_anthropogenic_1930_0.5x0.5_v1_20_04_2009.nc;http://www.iiasa.ac.at/web-apps/tnt/RcpDb/dsd?Action=htmlpage&page=download;NetCDF;Historical emissions data (1930) for anthropogenic CO
CO_ant_1940_v1_20_04_2009;IPCC_emissions_CO_anthropogenic_1940_0.5x0.5_v1_20_04_2009.nc;http://www.iiasa.ac.at/web-apps/tnt/RcpDb/dsd?Action=htmlpage&page=download;NetCDF;Historical emissions data (1940) for anthropogenic CO
CO_ant_1950_v1_20_04_2009;IPCC_emissions_CO_anthropogenic_1950_0.5x0.5_v1_20_04_2009.nc;http://www.iiasa.ac.at/web-apps/tnt/RcpDb/dsd?Action=htmlpage&page=download;NetCDF;Historical emissions data (1950) for anthropogenic CO
CO_ant_1960_v1_20_04_2009;IPCC_emissions_CO_anthropogenic_1960_0.5x0.5_v1_20_04_2009.nc;http://www.iiasa.ac.at/web-apps/tnt/RcpDb/dsd?Action=htmlpage&page=download;NetCDF;Historical emissions data (1960) for anthropogenic CO
CO_ant_1970_v1_20_04_2009;IPCC_emissions_CO_anthropogenic_1970_0.5x0.5_v1_20_04_2009.nc;http://www.iiasa.ac.at/web-apps/tnt/RcpDb/dsd?Action=htmlpage&page=download;NetCDF;Historical emissions data (1970) for anthropogenic CO
CO_ant_1980_v1_20_04_2009;IPCC_emissions_CO_anthropogenic_1980_0.5x0.5_v1_20_04_2009.nc;http://www.iiasa.ac.at/web-apps/tnt/RcpDb/dsd?Action=htmlpage&page=download;NetCDF;Historical emissions data (1980) for anthropogenic CO
CO_ant_1990_v1_20_04_2009;IPCC_emissions_CO_anthropogenic_1990_0.5x0.5_v1_20_04_2009.nc;http://www.iiasa.ac.at/web-apps/tnt/RcpDb/dsd?Action=htmlpage&page=download;NetCDF;Historical emissions data (1990) for anthropogenic CO
CO_ant_2000_v1_20_04_2009;IPCC_emissions_CO_anthropogenic_2000_0.5x0.5_v1_20_04_2009.nc;http://www.iiasa.ac.at/web-apps/tnt/RcpDb/dsd?Action=htmlpage&page=download;NetCDF;Historical emissions data (2000) for anthropogenic CO
RCP26_BC_ant_2000_v0_27_08_2009;IPCC_emissions_RCP26_BC_anthropogenic_2000_0.5x0.5_v0_27_08_2009.nc;http://www.iiasa.ac.at/web-apps/tnt/RcpDb/dsd?Action=htmlpage&page=download;NetCDF;Future anthropogenic emissions of BC for RCP3P-D (2000)
RCP26_BC_ant_2010_v0_27_08_2009;IPCC_emissions_RCP26_BC_anthropogenic_2010_0.5x0.5_v0_27_08_2009.nc;http://www.iiasa.ac.at/web-apps/tnt/RcpDb/dsd?Action=htmlpage&page=download;NetCDF;Future anthropogenic emissions of BC for RCP3P-D (2010)
RCP26_BC_ant_2020_v0_27_08_2009;IPCC_emissions_RCP26_BC_anthropogenic_2020_0.5x0.5_v0_27_08_2009.nc;http://www.iiasa.ac.at/web-apps/tnt/RcpDb/dsd?Action=htmlpage&page=download;NetCDF;Future anthropogenic emissions of BC for RCP3P-D (2020)
RCP26_BC_ant_2030_v0_27_08_2009;IPCC_emissions_RCP26_BC_anthropogenic_2030_0.5x0.5_v0_27_08_2009.nc;http://www.iiasa.ac.at/web-apps/tnt/RcpDb/dsd?Action=htmlpage&page=download;NetCDF;Future anthropogenic emissions of BC for RCP3P-D (2030)
RCP26_BC_ant_2040_v0_27_08_2009;IPCC_emissions_RCP26_BC_anthropogenic_2040_0.5x0.5_v0_27_08_2009.nc;http://www.iiasa.ac.at/web-apps/tnt/RcpDb/dsd?Action=htmlpage&page=download;NetCDF;Future anthropogenic emissions of BC for RCP3P-D (2040)
RCP26_BC_ant_2050_v0_27_08_2009;IPCC_emissions_RCP26_BC_anthropogenic_2050_0.5x0.5_v0_27_08_2009.nc;http://www.iiasa.ac.at/web-apps/tnt/RcpDb/dsd?Action=htmlpage&page=download;NetCDF;Future anthropogenic emissions of BC for RCP3P-D (2050)
RCP26_BC_ant_2060_v0_27_08_2009;IPCC_emissions_RCP26_BC_anthropogenic_2060_0.5x0.5_v0_27_08_2009.nc;http://www.iiasa.ac.at/web-apps/tnt/RcpDb/dsd?Action=htmlpage&page=download;NetCDF;Future anthropogenic emissions of BC for RCP3P-D (2060)
RCP26_BC_ant_2070_v0_27_08_2009;IPCC_emissions_RCP26_BC_anthropogenic_2070_0.5x0.5_v0_27_08_2009.nc;http://www.iiasa.ac.at/web-apps/tnt/RcpDb/dsd?Action=htmlpage&page=download;NetCDF;Future anthropogenic emissions of BC for RCP3P-D (2070)
RCP26_BC_ant_2080_v0_27_08_2009;IPCC_emissions_RCP26_BC_anthropogenic_2080_0.5x0.5_v0_27_08_2009.nc;http://www.iiasa.ac.at/web-apps/tnt/RcpDb/dsd?Action=htmlpage&page=download;NetCDF;Future anthropogenic emissions of BC for RCP3P-D (2080)
RCP26_BC_ant_2090_v0_27_08_2009;IPCC_emissions_RCP26_BC_anthropogenic_2090_0.5x0.5_v0_27_08_2009.nc;http://www.iiasa.ac.at/web-apps/tnt/RcpDb/dsd?Action=htmlpage&page=download;NetCDF;Future anthropogenic emissions of BC for RCP3P-D (2090)
RCP26_BC_ant_2100_v0_27_08_2009;IPCC_emissions_RCP26_BC_anthropogenic_2100_0.5x0.5_v0_27_08_2009.nc;http://www.iiasa.ac.at/web-apps/tnt/RcpDb/dsd?Action=htmlpage&page=download;NetCDF;Future anthropogenic emissions of BC for RCP3P-D (2100)
RCP26_CH4_ant_2000_v0_27_08_2009;IPCC_emissions_RCP26_CH4_anthropogenic_2000_0.5x0.5_v0_27_08_2009.nc;http://www.iiasa.ac.at/web-apps/tnt/RcpDb/dsd?Action=htmlpage&page=download;NetCDF;Future anthropogenic emissions of CH4 for RCP3P-D (2000)
RCP26_CH4_ant_2010_v0_27_08_2009;IPCC_emissions_RCP26_CH4_anthropogenic_2010_0.5x0.5_v0_27_08_2009.nc;http://www.iiasa.ac.at/web-apps/tnt/RcpDb/dsd?Action=htmlpage&page=download;NetCDF;Future anthropogenic emissions of CH4 for RCP3P-D (2010)
RCP26_CH4_ant_2020_v0_27_08_2009;IPCC_emissions_RCP26_CH4_anthropogenic_2020_0.5x0.5_v0_27_08_2009.nc;http://www.iiasa.ac.at/web-apps/tnt/RcpDb/dsd?Action=htmlpage&page=download;NetCDF;Future anthropogenic emissions of CH4 for RCP3P-D (2020)
RCP26_CH4_ant_2030_v0_27_08_2009;IPCC_emissions_RCP26_CH4_anthropogenic_2030_0.5x0.5_v0_27_08_2009.nc;http://www.iiasa.ac.at/web-apps/tnt/RcpDb/dsd?Action=htmlpage&page=download;NetCDF;Future anthropogenic emissions of CH4 for RCP3P-D (2030)
RCP26_CH4_ant_2040_v0_27_08_2009;IPCC_emissions_RCP26_CH4_anthropogenic_2040_0.5x0.5_v0_27_08_2009.nc;http://www.iiasa.ac.at/web-apps/tnt/RcpDb/dsd?Action=htmlpage&page=download;NetCDF;Future anthropogenic emissions of CH4 for RCP3P-D (2040)
RCP26_CH4_ant_2050_v0_27_08_2009;IPCC_emissions_RCP26_CH4_anthropogenic_2050_0.5x0.5_v0_27_08_2009.nc;http://www.iiasa.ac.at/web-apps/tnt/RcpDb/dsd?Action=htmlpage&page=download;NetCDF;Future anthropogenic emissions of CH4 for RCP3P-D (2050)
RCP26_CH4_ant_2060_v0_27_08_2009;IPCC_emissions_RCP26_CH4_anthropogenic_2060_0.5x0.5_v0_27_08_2009.nc;http://www.iiasa.ac.at/web-apps/tnt/RcpDb/dsd?Action=htmlpage&page=download;NetCDF;Future anthropogenic emissions of CH4 for RCP3P-D (2060)
RCP26_CH4_ant_2070_v0_27_08_2009;IPCC_emissions_RCP26_CH4_anthropogenic_2070_0.5x0.5_v0_27_08_2009.nc;http://www.iiasa.ac.at/web-apps/tnt/RcpDb/dsd?Action=htmlpage&page=download;NetCDF;Future anthropogenic emissions of CH4 for RCP3P-D (2070)
RCP26_CH4_ant_2080_v0_27_08_2009;IPCC_emissions_RCP26_CH4_anthropogenic_2080_0.5x0.5_v0_27_08_2009.nc;http://www.iiasa.ac.at/web-apps/tnt/RcpDb/dsd?Action=htmlpage&page=download;NetCDF;Future anthropogenic emissions of CH4 for RCP3P-D (2080)
RCP26_CH4_ant_2090_v0_27_08_2009;IPCC_emissions_RCP26_CH4_anthropogenic_2090_0.5x0.5_v0_27_08_2009.nc;http://www.iiasa.ac.at/web-apps/tnt/RcpDb/dsd?Action=htmlpage&page=download;NetCDF;Future anthropogenic emissions of CH4 for RCP3P-D (2090)
RCP26_CH4_ant_2100_v0_27_08_2009;IPCC_emissions_RCP26_CH4_anthropogenic_2100_0.5x0.5_v0_27_08_2009.nc;http://www.iiasa.ac.at/web-apps/tnt/RcpDb/dsd?Action=htmlpage&page=download;NetCDF;Future anthropogenic emissions of CH4 for RCP3P-D (2100)
RCP26_CO_ant_2000_v0_27_08_2009;IPCC_emissions_RCP26_CO_anthropogenic_2000_0.5x0.5_v0_27_08_2009.nc;http://www.iiasa.ac.at/web-apps/tnt/RcpDb/dsd?Action=htmlpage&page=download;NetCDF;Future anthropogenic emissions of CO for RCP3P-D (2000)
RCP26_CO_ant_2010_v0_27_08_2009;IPCC_emissions_RCP26_CO_anthropogenic_2010_0.5x0.5_v0_27_08_2009.nc;http://www.iiasa.ac.at/web-apps/tnt/RcpDb/dsd?Action=htmlpage&page=download;NetCDF;Future anthropogenic emissions of CO for RCP3P-D (2010)
RCP26_CO_ant_2020_v0_27_08_2009;IPCC_emissions_RCP26_CO_anthropogenic_2020_0.5x0.5_v0_27_08_2009.nc;http://www.iiasa.ac.at/web-apps/tnt/RcpDb/dsd?Action=htmlpage&page=download;NetCDF;Future anthropogenic emissions of CO for RCP3P-D (2020)
RCP26_CO_ant_2030_v0_27_08_2009;IPCC_emissions_RCP26_CO_anthropogenic_2030_0.5x0.5_v0_27_08_2009.nc;http://www.iiasa.ac.at/web-apps/tnt/RcpDb/dsd?Action=htmlpage&page=download;NetCDF;Future anthropogenic emissions of CO for RCP3P-D (2030)
RCP26_CO_ant_2040_v0_27_08_2009;IPCC_emissions_RCP26_CO_anthropogenic_2040_0.5x0.5_v0_27_08_2009.nc;http://www.iiasa.ac.at/web-apps/tnt/RcpDb/dsd?Action=htmlpage&page=download;NetCDF;Future anthropogenic emissions of CO for RCP3P-D (2040)
RCP26_CO_ant_2050_v0_27_08_2009;IPCC_emissions_RCP26_CO_anthropogenic_2050_0.5x0.5_v0_27_08_2009.nc;http://www.iiasa.ac.at/web-apps/tnt/RcpDb/dsd?Action=htmlpage&page=download;NetCDF;Future anthropogenic emissions of CO for RCP3P-D (2050)
RCP26_CO_ant_2060_v0_27_08_2009;IPCC_emissions_RCP26_CO_anthropogenic_2060_0.5x0.5_v0_27_08_2009.nc;http://www.iiasa.ac.at/web-apps/tnt/RcpDb/dsd?Action=htmlpage&page=download;NetCDF;Future anthropogenic emissions of CO for RCP3P-D (2060)
RCP26_CO_ant_2070_v0_27_08_2009;IPCC_emissions_RCP26_CO_anthropogenic_2070_0.5x0.5_v0_27_08_2009.nc;http://www.iiasa.ac.at/web-apps/tnt/RcpDb/dsd?Action=htmlpage&page=download;NetCDF;Future anthropogenic emissions of CO for RCP3P-D (2070)
RCP26_CO_ant_2080_v0_27_08_2009;IPCC_emissions_RCP26_CO_anthropogenic_2080_0.5x0.5_v0_27_08_2009.nc;http://www.iiasa.ac.at/web-apps/tnt/RcpDb/dsd?Action=htmlpage&page=download;NetCDF;Future anthropogenic emissions of CO for RCP3P-D (2080)
RCP26_CO_ant_2090_v0_27_08_2009;IPCC_emissions_RCP26_CO_anthropogenic_2090_0.5x0.5_v0_27_08_2009.nc;http://www.iiasa.ac.at/web-apps/tnt/RcpDb/dsd?Action=htmlpage&page=download;NetCDF;Future anthropogenic emissions of CO for RCP3P-D (2090)
RCP26_CO_ant_2100_v0_27_08_2009;IPCC_emissions_RCP26_CO_anthropogenic_2100_0.5x0.5_v0_27_08_2009.nc;http://www.iiasa.ac.at/web-apps/tnt/RcpDb/dsd?Action=htmlpage&page=download;NetCDF;Future anthropogenic emissions of CO for RCP3P-D (2100)
RCP26_NH3_ant_2000_v0_27_08_2009;IPCC_emissions_RCP26_NH3_anthropogenic_2000_0.5x0.5_v0_27_08_2009.nc;http://www.iiasa.ac.at/web-apps/tnt/RcpDb/dsd?Action=htmlpage&page=download;NetCDF;Future anthropogenic emissions of NH3 for RCP3P-D (2000)
RCP26_NH3_ant_2010_v0_27_08_2009;IPCC_emissions_RCP26_NH3_anthropogenic_2010_0.5x0.5_v0_27_08_2009.nc;http://www.iiasa.ac.at/web-apps/tnt/RcpDb/dsd?Action=htmlpage&page=download;NetCDF;Future anthropogenic emissions of NH3 for RCP3P-D (2010)
RCP26_NH3_ant_2020_v0_27_08_2009;IPCC_emissions_RCP26_NH3_anthropogenic_2020_0.5x0.5_v0_27_08_2009.nc;http://www.iiasa.ac.at/web-apps/tnt/RcpDb/dsd?Action=htmlpage&page=download;NetCDF;Future anthropogenic emissions of NH3 for RCP3P-D (2020)
RCP26_NH3_ant_2030_v0_27_08_2009;IPCC_emissions_RCP26_NH3_anthropogenic_2030_0.5x0.5_v0_27_08_2009.nc;http://www.iiasa.ac.at/web-apps/tnt/RcpDb/dsd?Action=htmlpage&page=download;NetCDF;Future anthropogenic emissions of NH3 for RCP3P-D (2030)
RCP26_NH3_ant_2040_v0_27_08_2009;IPCC_emissions_RCP26_NH3_anthropogenic_2040_0.5x0.5_v0_27_08_2009.nc;http://www.iiasa.ac.at/web-apps/tnt/RcpDb/dsd?Action=htmlpage&page=download;NetCDF;Future anthropogenic emissions of NH3 for RCP3P-D (2040)
RCP26_NH3_ant_2050_v0_27_08_2009;IPCC_emissions_RCP26_NH3_anthropogenic_2050_0.5x0.5_v0_27_08_2009.nc;http://www.iiasa.ac.at/web-apps/tnt/RcpDb/dsd?Action=htmlpage&page=download;NetCDF;Future anthropogenic emissions of NH3 for RCP3P-D (2050)
RCP26_NH3_ant_2060_v0_27_08_2009;IPCC_emissions_RCP26_NH3_anthropogenic_2060_0.5x0.5_v0_27_08_2009.nc;http://www.iiasa.ac.at/web-apps/tnt/RcpDb/dsd?Action=htmlpage&page=download;NetCDF;Future anthropogenic emissions of NH3 for RCP3P-D (2060)
RCP26_NH3_ant_2070_v0_27_08_2009;IPCC_emissions_RCP26_NH3_anthropogenic_2070_0.5x0.5_v0_27_08_2009.nc;http://www.iiasa.ac.at/web-apps/tnt/RcpDb/dsd?Action=htmlpage&page=download;NetCDF;Future anthropogenic emissions of NH3 for RCP3P-D (2070)
RCP26_NH3_ant_2080_v0_27_08_2009;IPCC_emissions_RCP26_NH3_anthropogenic_2080_0.5x0.5_v0_27_08_2009.nc;http://www.iiasa.ac.at/web-apps/tnt/RcpDb/dsd?Action=htmlpage&page=download;NetCDF;Future anthropogenic emissions of NH3 for RCP3P-D (2080)
RCP26_NH3_ant_2090_v0_27_08_2009;IPCC_emissions_RCP26_NH3_anthropogenic_2090_0.5x0.5_v0_27_08_2009.nc;http://www.iiasa.ac.at/web-apps/tnt/RcpDb/dsd?Action=htmlpage&page=download;NetCDF;Future anthropogenic emissions of NH3 for RCP3P-D (2090)
RCP26_NH3_ant_2100_v0_27_08_2009;IPCC_emissions_RCP26_NH3_anthropogenic_2100_0.5x0.5_v0_27_08_2009.nc;http://www.iiasa.ac.at/web-apps/tnt/RcpDb/dsd?Action=htmlpage&page=download;NetCDF;Future anthropogenic emissions of NH3 for RCP3P-D (2100)
RCP26_NMVOC_ant_2000_v0_27_08_2009;IPCC_emissions_RCP26_NMVOC_anthropogenic_2000_0.5x0.5_v0_27_08_2009.nc;http://www.iiasa.ac.at/web-apps/tnt/RcpDb/dsd?Action=htmlpage&page=download;NetCDF;Future anthropogenic emissions of NMVOC for RCP3P-D (2000)
RCP26_NMVOC_ant_2010_v0_27_08_2009;IPCC_emissions_RCP26_NMVOC_anthropogenic_2010_0.5x0.5_v0_27_08_2009.nc;http://www.iiasa.ac.at/web-apps/tnt/RcpDb/dsd?Action=htmlpage&page=download;NetCDF;Future anthropogenic emissions of NMVOC for RCP3P-D (2010)
RCP26_NMVOC_ant_2020_v0_27_08_2009;IPCC_emissions_RCP26_NMVOC_anthropogenic_2020_0.5x0.5_v0_27_08_2009.nc;http://www.iiasa.ac.at/web-apps/tnt/RcpDb/dsd?Action=htmlpage&page=download;NetCDF;Future anthropogenic emissions of NMVOC for RCP3P-D (2020)
RCP26_NMVOC_ant_2030_v0_27_08_2009;IPCC_emissions_RCP26_NMVOC_anthropogenic_2030_0.5x0.5_v0_27_08_2009.nc;http://www.iiasa.ac.at/web-apps/tnt/RcpDb/dsd?Action=htmlpage&page=download;NetCDF;Future anthropogenic emissions of NMVOC for RCP3P-D (2030)
RCP26_NMVOC_ant_2040_v0_27_08_2009;IPCC_emissions_RCP26_NMVOC_anthropogenic_2040_0.5x0.5_v0_27_08_2009.nc;http://www.iiasa.ac.at/web-apps/tnt/RcpDb/dsd?Action=htmlpage&page=download;NetCDF;Future anthropogenic emissions of NMVOC for RCP3P-D (2040)
RCP26_NMVOC_ant_2050_v0_27_08_2009;IPCC_emissions_RCP26_NMVOC_anthropogenic_2050_0.5x0.5_v0_27_08_2009.nc;http://www.iiasa.ac.at/web-apps/tnt/RcpDb/dsd?Action=htmlpage&page=download;NetCDF;Future anthropogenic emissions of NMVOC for RCP3P-D (2050)
RCP26_NMVOC_ant_2060_v0_27_08_2009;IPCC_emissions_RCP26_NMVOC_anthropogenic_2060_0.5x0.5_v0_27_08_2009.nc;http://www.iiasa.ac.at/web-apps/tnt/RcpDb/dsd?Action=htmlpage&page=download;NetCDF;Future anthropogenic emissions of NMVOC for RCP3P-D (2060)
RCP26_NMVOC_ant_2070_v0_27_08_2009;IPCC_emissions_RCP26_NMVOC_anthropogenic_2070_0.5x0.5_v0_27_08_2009.nc;http://www.iiasa.ac.at/web-apps/tnt/RcpDb/dsd?Action=htmlpage&page=download;NetCDF;Future anthropogenic emissions of NMVOC for RCP3P-D (2070)
RCP26_NMVOC_ant_2080_v0_27_08_2009;IPCC_emissions_RCP26_NMVOC_anthropogenic_2080_0.5x0.5_v0_27_08_2009.nc;http://www.iiasa.ac.at/web-apps/tnt/RcpDb/dsd?Action=htmlpage&page=download;NetCDF;Future anthropogenic emissions of NMVOC for RCP3P-D (2080)
RCP26_NMVOC_ant_2090_v0_27_08_2009;IPCC_emissions_RCP26_NMVOC_anthropogenic_2090_0.5x0.5_v0_27_08_2009.nc;http://www.iiasa.ac.at/web-apps/tnt/RcpDb/dsd?Action=htmlpage&page=download;NetCDF;Future anthropogenic emissions of NMVOC for RCP3P-D (2090)
RCP26_NMVOC_ant_2100_v0_27_08_2009;IPCC_emissions_RCP26_NMVOC_anthropogenic_2100_0.5x0.5_v0_27_08_2009.nc;http://www.iiasa.ac.at/web-apps/tnt/RcpDb/dsd?Action=htmlpage&page=download;NetCDF;Future anthropogenic emissions of NMVOC for RCP3P-D (2100)
RCP26_NO_ant_2000_v0_27_08_2009;IPCC_emissions_RCP26_NO_anthropogenic_2000_0.5x0.5_v0_27_08_2009.nc;http://www.iiasa.ac.at/web-apps/tnt/RcpDb/dsd?Action=htmlpage&page=download;NetCDF;Future anthropogenic emissions of NO for RCP3P-D (2000)
RCP26_NO_ant_2010_v0_27_08_2009;IPCC_emissions_RCP26_NO_anthropogenic_2010_0.5x0.5_v0_27_08_2009.nc;http://www.iiasa.ac.at/web-apps/tnt/RcpDb/dsd?Action=htmlpage&page=download;NetCDF;Future anthropogenic emissions of NO for RCP3P-D (2010)
RCP26_NO_ant_2020_v0_27_08_2009;IPCC_emissions_RCP26_NO_anthropogenic_2020_0.5x0.5_v0_27_08_2009.nc;http://www.iiasa.ac.at/web-apps/tnt/RcpDb/dsd?Action=htmlpage&page=download;NetCDF;Future anthropogenic emissions of NO for RCP3P-D (2020)
RCP26_NO_ant_2030_v0_27_08_2009;IPCC_emissions_RCP26_NO_anthropogenic_2030_0.5x0.5_v0_27_08_2009.nc;http://www.iiasa.ac.at/web-apps/tnt/RcpDb/dsd?Action=htmlpage&page=download;NetCDF;Future anthropogenic emissions of NO for RCP3P-D (2030)
RCP26_NO_ant_2040_v0_27_08_2009;IPCC_emissions_RCP26_NO_anthropogenic_2040_0.5x0.5_v0_27_08_2009.nc;http://www.iiasa.ac.at/web-apps/tnt/RcpDb/dsd?Action=htmlpage&page=download;NetCDF;Future anthropogenic emissions of NO for RCP3P-D (2040)
RCP26_NO_ant_2050_v0_27_08_2009;IPCC_emissions_RCP26_NO_anthropogenic_2050_0.5x0.5_v0_27_08_2009.nc;http://www.iiasa.ac.at/web-apps/tnt/RcpDb/dsd?Action=htmlpage&page=download;NetCDF;Future anthropogenic emissions of NO for RCP3P-D (2050)
RCP26_NO_ant_2060_v0_27_08_2009;IPCC_emissions_RCP26_NO_anthropogenic_2060_0.5x0.5_v0_27_08_2009.nc;http://www.iiasa.ac.at/web-apps/tnt/RcpDb/dsd?Action=htmlpage&page=download;NetCDF;Future anthropogenic emissions of NO for RCP3P-D (2060)
RCP26_NO_ant_2070_v0_27_08_2009;IPCC_emissions_RCP26_NO_anthropogenic_2070_0.5x0.5_v0_27_08_2009.nc;http://www.iiasa.ac.at/web-apps/tnt/RcpDb/dsd?Action=htmlpage&page=download;NetCDF;Future anthropogenic emissions of NO for RCP3P-D (2070)
RCP26_NO_ant_2080_v0_27_08_2009;IPCC_emissions_RCP26_NO_anthropogenic_2080_0.5x0.5_v0_27_08_2009.nc;http://www.iiasa.ac.at/web-apps/tnt/RcpDb/dsd?Action=htmlpage&page=download;NetCDF;Future anthropogenic emissions of NO for RCP3P-D (2080)
RCP26_NO_ant_2090_v0_27_08_2009;IPCC_emissions_RCP26_NO_anthropogenic_2090_0.5x0.5_v0_27_08_2009.nc;http://www.iiasa.ac.at/web-apps/tnt/RcpDb/dsd?Action=htmlpage&page=download;NetCDF;Future anthropogenic emissions of NO for RCP3P-D (2090)
RCP26_NO_ant_2100_v0_27_08_2009;IPCC_emissions_RCP26_NO_anthropogenic_2100_0.5x0.5_v0_27_08_2009.nc;http://www.iiasa.ac.at/web-apps/tnt/RcpDb/dsd?Action=htmlpage&page=download;NetCDF;Future anthropogenic emissions of NO for RCP3P-D (2100)
RCP26_OC_ant_2000_v0_27_08_2009;IPCC_emissions_RCP26_OC_anthropogenic_2000_0.5x0.5_v0_27_08_2009.nc;http://www.iiasa.ac.at/web-apps/tnt/RcpDb/dsd?Action=htmlpage&page=download;NetCDF;Future anthropogenic emissions of OC for RCP3P-D (2000)
RCP26_OC_ant_2010_v0_27_08_2009;IPCC_emissions_RCP26_OC_anthropogenic_2010_0.5x0.5_v0_27_08_2009.nc;http://www.iiasa.ac.at/web-apps/tnt/RcpDb/dsd?Action=htmlpage&page=download;NetCDF;Future anthropogenic emissions of OC for RCP3P-D (2010)
RCP26_OC_ant_2020_v0_27_08_2009;IPCC_emissions_RCP26_OC_anthropogenic_2020_0.5x0.5_v0_27_08_2009.nc;http://www.iiasa.ac.at/web-apps/tnt/RcpDb/dsd?Action=htmlpage&page=download;NetCDF;Future anthropogenic emissions of OC for RCP3P-D (2020)
RCP26_OC_ant_2030_v0_27_08_2009;IPCC_emissions_RCP26_OC_anthropogenic_2030_0.5x0.5_v0_27_08_2009.nc;http://www.iiasa.ac.at/web-apps/tnt/RcpDb/dsd?Action=htmlpage&page=download;NetCDF;Future anthropogenic emissions of OC for RCP3P-D (2030)
RCP26_OC_ant_2040_v0_27_08_2009;IPCC_emissions_RCP26_OC_anthropogenic_2040_0.5x0.5_v0_27_08_2009.nc;http://www.iiasa.ac.at/web-apps/tnt/RcpDb/dsd?Action=htmlpage&page=download;NetCDF;Future anthropogenic emissions of OC for RCP3P-D (2040)
RCP26_OC_ant_2050_v0_27_08_2009;IPCC_emissions_RCP26_OC_anthropogenic_2050_0.5x0.5_v0_27_08_2009.nc;http://www.iiasa.ac.at/web-apps/tnt/RcpDb/dsd?Action=htmlpage&page=download;NetCDF;Future anthropogenic emissions of OC for RCP3P-D (2050)
RCP26_OC_ant_2060_v0_27_08_2009;IPCC_emissions_RCP26_OC_anthropogenic_2060_0.5x0.5_v0_27_08_2009.nc;http://www.iiasa.ac.at/web-apps/tnt/RcpDb/dsd?Action=htmlpage&page=download;NetCDF;Future anthropogenic emissions of OC for RCP3P-D (2060)
RCP26_OC_ant_2070_v0_27_08_2009;IPCC_emissions_RCP26_OC_anthropogenic_2070_0.5x0.5_v0_27_08_2009.nc;http://www.iiasa.ac.at/web-apps/tnt/RcpDb/dsd?Action=htmlpage&page=download;NetCDF;Future anthropogenic emissions of OC for RCP3P-D (2070)
RCP26_OC_ant_2080_v0_27_08_2009;IPCC_emissions_RCP26_OC_anthropogenic_2080_0.5x0.5_v0_27_08_2009.nc;http://www.iiasa.ac.at/web-apps/tnt/RcpDb/dsd?Action=htmlpage&page=download;NetCDF;Future anthropogenic emissions of OC for RCP3P-D (2080)
RCP26_OC_ant_2090_v0_27_08_2009;IPCC_emissions_RCP26_OC_anthropogenic_2090_0.5x0.5_v0_27_08_2009.nc;http://www.iiasa.ac.at/web-apps/tnt/RcpDb/dsd?Action=htmlpage&page=download;NetCDF;Future anthropogenic emissions of OC for RCP3P-D (2090)
RCP26_OC_ant_2100_v0_27_08_2009;IPCC_emissions_RCP26_OC_anthropogenic_2100_0.5x0.5_v0_27_08_2009.nc;http://www.iiasa.ac.at/web-apps/tnt/RcpDb/dsd?Action=htmlpage&page=download;NetCDF;Future anthropogenic emissions of OC for RCP3P-D (2100)
RCP26_SO2_ant_2000_v0_27_08_2009;IPCC_emissions_RCP26_SO2_anthropogenic_2000_0.5x0.5_v0_27_08_2009.nc;http://www.iiasa.ac.at/web-apps/tnt/RcpDb/dsd?Action=htmlpage&page=download;NetCDF;Future anthropogenic emissions of SO2 for RCP3P-D (2000)
RCP26_SO2_ant_2010_v0_27_08_2009;IPCC_emissions_RCP26_SO2_anthropogenic_2010_0.5x0.5_v0_27_08_2009.nc;http://www.iiasa.ac.at/web-apps/tnt/RcpDb/dsd?Action=htmlpage&page=download;NetCDF;Future anthropogenic emissions of SO2 for RCP3P-D (2010)
RCP26_SO2_ant_2020_v0_27_08_2009;IPCC_emissions_RCP26_SO2_anthropogenic_2020_0.5x0.5_v0_27_08_2009.nc;http://www.iiasa.ac.at/web-apps/tnt/RcpDb/dsd?Action=htmlpage&page=download;NetCDF;Future anthropogenic emissions of SO2 for RCP3P-D (2020)
RCP26_SO2_ant_2030_v0_27_08_2009;IPCC_emissions_RCP26_SO2_anthropogenic_2030_0.5x0.5_v0_27_08_2009.nc;http://www.iiasa.ac.at/web-apps/tnt/RcpDb/dsd?Action=htmlpage&page=download;NetCDF;Future anthropogenic emissions of SO2 for RCP3P-D (2030)
RCP26_SO2_ant_2040_v0_27_08_2009;IPCC_emissions_RCP26_SO2_anthropogenic_2040_0.5x0.5_v0_27_08_2009.nc;http://www.iiasa.ac.at/web-apps/tnt/RcpDb/dsd?Action=htmlpage&page=download;NetCDF;Future anthropogenic emissions of SO2 for RCP3P-D (2040)
RCP26_SO2_ant_2050_v0_27_08_2009;IPCC_emissions_RCP26_SO2_anthropogenic_2050_0.5x0.5_v0_27_08_2009.nc;http://www.iiasa.ac.at/web-apps/tnt/RcpDb/dsd?Action=htmlpage&page=download;NetCDF;Future anthropogenic emissions of SO2 for RCP3P-D (2050)
RCP26_SO2_ant_2060_v0_27_08_2009;IPCC_emissions_RCP26_SO2_anthropogenic_2060_0.5x0.5_v0_27_08_2009.nc;http://www.iiasa.ac.at/web-apps/tnt/RcpDb/dsd?Action=htmlpage&page=download;NetCDF;Future anthropogenic emissions of SO2 for RCP3P-D (2060)
RCP26_SO2_ant_2070_v0_27_08_2009;IPCC_emissions_RCP26_SO2_anthropogenic_2070_0.5x0.5_v0_27_08_2009.nc;http://www.iiasa.ac.at/web-apps/tnt/RcpDb/dsd?Action=htmlpage&page=download;NetCDF;Future anthropogenic emissions of SO2 for RCP3P-D (2070)
RCP26_SO2_ant_2080_v0_27_08_2009;IPCC_emissions_RCP26_SO2_anthropogenic_2080_0.5x0.5_v0_27_08_2009.nc;http://www.iiasa.ac.at/web-apps/tnt/RcpDb/dsd?Action=htmlpage&page=download;NetCDF;Future anthropogenic emissions of SO2 for RCP3P-D (2080)
RCP26_SO2_ant_2090_v0_27_08_2009;IPCC_emissions_RCP26_SO2_anthropogenic_2090_0.5x0.5_v0_27_08_2009.nc;http://www.iiasa.ac.at/web-apps/tnt/RcpDb/dsd?Action=htmlpage&page=download;NetCDF;Future anthropogenic emissions of SO2 for RCP3P-D (2090)
RCP26_SO2_ant_2100_v0_27_08_2009;IPCC_emissions_RCP26_SO2_anthropogenic_2100_0.5x0.5_v0_27_08_2009.nc;http://www.iiasa.ac.at/web-apps/tnt/RcpDb/dsd?Action=htmlpage&page=download;NetCDF;Future anthropogenic emissions of SO2 for RCP3P-D (2100)
